-- phpMyAdmin SQL Dump
-- version 5.2.0
-- https://www.phpmyadmin.net/
--
-- Host: 127.0.0.1
-- Generation Time: Mar 24, 2023 at 09:24 AM
-- Server version: 10.4.27-MariaDB
-- PHP Version: 8.2.0
CREATE DATABASE IF NOT EXISTS asser_ibrahim_syscbook;
SET SQL_MODE = "NO_AUTO_VALUE_ON_ZERO";
START TRANSACTION;
SET time_zone = "+00:00";


/*!40101 SET @OLD_CHARACTER_SET_CLIENT=@@CHARACTER_SET_CLIENT */;
/*!40101 SET @OLD_CHARACTER_SET_RESULTS=@@CHARACTER_SET_RESULTS */;
/*!40101 SET @OLD_COLLATION_CONNECTION=@@COLLATION_CONNECTION */;
/*!40101 SET NAMES utf8mb4 */;

--
-- Database: `asser_ibrahim_syscbook`
--

-- --------------------------------------------------------

--
-- Table structure for table `users_address`
--

CREATE TABLE `users_address` (
  `student_ID` int(10) NOT NULL,
  `street_number` int(5) DEFAULT NULL,
  `street_name` varchar(150) DEFAULT NULL,
  `city` varchar(30) DEFAULT NULL,
  `province` varchar(2) DEFAULT NULL,
  `postal_code` varchar(7) DEFAULT NULL
) ENGINE=InnoDB DEFAULT CHARSET=utf8mb4 COLLATE=utf8mb4_general_ci;

--
-- Dumping data for table `users_address`
--

INSERT INTO `users_address` (`student_ID`, `street_number`, `street_name`, `city`, `province`, `postal_code`) VALUES
(11, 0, '', '', '', ''),
(12, 0, '', '', '', ''),
(13, 2, 'asdfas', 'asdfsfasf', 'pr', 'K1T2N4'),
(14, 4, '534', 'toronto', 'pr', 'K1T2N4'),
(15, 7, 'ffggfddgf', 'yguiugufg', 'pr', 'zzwz6'),
(16, 0, '', '', '', ''),
(17, 0, '', '', '', ''),
(18, 2760, 'carousel', 'Ottawa', 'pr', 'K1V9G6'),
(19, 0, '', '', '', ''),
(20, 0, '', '', '', ''),
(21, 0, '', '', '', ''),
(22, 0, '', '', '', ''),
(23, 0, '', '', '', ''),
(24, 0, '', '', '', ''),
(25, 0, '', '', '', ''),
(26, 0, '', '', '', ''),
(27, 0, '', '', '', ''),
(28, 0, '', '', '', ''),
(29, 0, '', '', '', ''),
(30, 0, '', '', '', ''),
(31, 0, '', '', '', ''),
(32, 0, '', '', '', ''),
(33, 0, '', '', '', ''),
(34, 0, '', '', '', ''),
(35, 0, '', '', '', ''),
(36, 0, '', '', '', ''),
(37, 0, '', '', '', ''),
(38, 0, '', '', '', ''),
(39, 0, '', '', '', ''),
(40, 0, '', '', '', ''),
(41, 0, '', '', '', ''),
(42, 0, '', '', '', ''),
(43, 0, '', '', '', ''),
(44, 0, '', '', '', ''),
(45, 0, '', '', '', ''),
(46, 0, '', '', '', ''),
(47, 0, '', '', '', ''),
(48, 0, '', '', '', ''),
(49, 0, '', '', '', ''),
(50, 0, '', '', '', ''),
(51, 0, '', '', '', ''),
(52, 0, '', '', '', ''),
(53, 0, '', '', '', ''),
(54, 0, '', '', '', ''),
(55, 0, '', '', '', ''),
(56, 0, '', '', '', ''),
(57, 0, '', '', '', ''),
(58, 0, '', '', '', ''),
(59, 0, '', '', '', ''),
(60, 0, '', '', '', ''),
(61, 0, '', '', '', ''),
(62, 0, '', '', '', ''),
(63, 0, '', '', '', ''),
(64, 0, '', '', '', ''),
(65, 0, '', '', '', ''),
(66, 0, '', '', '', ''),
(67, 0, '', '', '', ''),
(68, 0, '', '', '', ''),
(69, 0, '', '', '', ''),
(70, 0, '', '', '', ''),
(71, 0, '', '', '', ''),
(72, 0, '', '', '', ''),
(73, 0, '', '', '', ''),
(74, 0, '', '', '', ''),
(75, 0, '', '', '', ''),
(76, 0, '', '', '', ''),
(77, 0, '', '', '', ''),
(78, 0, '', '', '', ''),
(79, 0, '', '', '', ''),
(80, 0, '', '', '', ''),
(81, 0, '', '', '', ''),
(82, 0, '', '', '', ''),
(83, 0, '', '', '', ''),
(84, 0, '', '', '', ''),
(85, 0, '', '', '', ''),
(86, 0, '', '', '', ''),
(87, 0, '', '', '', ''),
(88, 0, '', '', '', ''),
(89, 0, '', '', '', ''),
(90, 0, '', '', '', ''),
(91, 0, '', '', '', ''),
(92, 0, '', '', '', ''),
(93, 0, '', '', '', ''),
(94, 0, '', '', '', ''),
(95, 0, '', '', '', ''),
(96, 0, '', '', '', ''),
(97, 0, '', '', '', ''),
(98, 0, '', '', '', ''),
(99, 0, '', '', '', ''),
(100, 0, '', '', '', ''),
(101, 0, '', '', '', ''),
(102, 0, '', '', '', ''),
(103, 0, '', '', '', ''),
(104, 0, '', '', 'pr', ''),
(105, 0, '', '', 'pr', ''),
(106, 0, '', '', 'pr', ''),
(107, 0, '', '', 'pr', ''),
(108, 0, '', '', 'pr', ''),
(109, 0, '', '', 'pr', ''),
(110, 0, '', '', 'pr', ''),
(111, 0, '', '', 'pr', ''),
(112, 0, '', '', 'pr', ''),
(113, 0, '', '', 'pr', ''),
(114, 0, '', '', 'pr', ''),
(115, 0, '', '', 'pr', ''),
(116, 0, '', '', 'pr', ''),
(117, 0, '', '', 'pr', ''),
(118, 0, '', '', 'pr', ''),
(119, 0, '', '', 'pr', ''),
(120, 0, '', '', 'pr', ''),
(121, 0, '', '', 'pr', ''),
(122, 0, '', '', 'pr', ''),
(123, 0, '', '', 'pr', ''),
(124, 0, '', '', 'pr', ''),
(125, 0, '', '', 'pr', ''),
(126, 0, '', '', 'pr', ''),
(127, 0, '', '', 'pr', ''),
(128, 35, 'Thorncliffe Crescent', 'Ottonto', 'pr', 'K1V9G6'),
(129, 2760, 'Carousel Crescent Town', 'Toronto', 'pr', 'M4H1J3'),
(130, 2760, 'Carousel Crescent Town', 'Toronto', 'pr', 'M4H1J3'),
(131, 2760, 'Carousel Crescent Town', 'Toronto', 'pr', 'M4H1J3'),
(132, 2760, 'Carousel Crescent Town', 'Toronto', 'pr', 'M4H1J3'),
(133, 2760, 'Carousel Crescent Town', 'Toronto', 'pr', 'M4H1J3'),
(134, 2760, 'Carousel Crescent Town', 'Toronto', 'pr', 'M4H1J3'),
(135, 2760, 'Carousel Crescent Town', 'Toronto', 'pr', 'M4H1J3'),
(136, 2760, 'Carousel Crescent Town', 'Toronto', 'pr', 'M4H1J3'),
(137, 2760, 'Carousel Crescent Town', 'Toronto', 'pr', 'M4H1J3'),
(138, 2760, 'Carousel Crescent Town', 'Toronto', 'pr', 'M4H1J3'),
(139, 2760, 'Carousel Crescent Town', 'Toronto', 'pr', 'M4H1J3'),
(140, 2760, 'Carousel Crescent Town', 'Toronto', 'pr', 'M4H1J3'),
(141, 2760, 'Carousel Crescent Town', 'Toronto', 'pr', 'M4H1J3'),
(142, 2760, 'Carousel Crescent Town', 'Toronto', 'pr', 'M4H1J3'),
(143, 2760, 'Carousel Crescent Town', 'Toronto', 'pr', 'M4H1J3'),
(144, 2760, 'Carousel Crescent Town', 'Toronto', 'pr', 'M4H1J3'),
(145, 2760, 'Carousel Crescent Town', 'Toronto', 'pr', 'M4H1J3'),
(146, 2760, 'Carousel Crescent Town', 'Toronto', 'pr', 'M4H1J3'),
(147, 2760, 'Carousel Crescent Town', 'Toronto', 'pr', 'M4H1J3'),
(148, 2760, 'Carousel Crescent Town', 'Toronto', 'pr', 'M4H1J3'),
(149, 2760, 'Carousel Crescent Town', 'Toronto', 'pr', 'M4H1J3'),
(150, 2760, 'Carousel Crescent Town', 'Toronto', 'pr', 'M4H1J3'),
(151, 2760, 'Carousel Crescent Town', 'Toronto', 'pr', 'M4H1J3'),
(152, 2760, 'Carousel Crescent Town', 'Toronto', 'pr', 'M4H1J3'),
(153, 2760, 'Carousel Crescent Town', 'Toronto', 'pr', 'M4H1J3'),
(154, 2760, 'Carousel Crescent Town', 'Toronto', 'pr', 'M4H1J3'),
(155, 2760, 'Carousel Crescent Town', 'Toronto', 'pr', 'M4H1J3'),
(156, 2760, 'Carousel Crescent Town', 'Toronto', 'pr', 'M4H1J3'),
(157, 2760, 'Carousel Crescent Town', 'Toronto', 'pr', 'M4H1J3'),
(158, 2760, 'Carousel Crescent Town', 'Toronto', 'pr', 'M4H1J3'),
(159, 2760, 'Carousel Crescent Town', 'Toronto', 'pr', 'M4H1J3'),
(160, 2760, 'Carousel Crescent Town', 'Toronto', 'pr', 'M4H1J3'),
(161, 2760, 'Carousel Crescent Town', 'Toronto', 'pr', 'M4H1J3'),
(162, 0, '', '', 'pr', ''),
(163, 0, '', '', 'pr', ''),
(164, 0, '', '', 'pr', ''),
(165, 0, '', '', 'pr', ''),
(166, 0, '', '', 'pr', ''),
(167, 0, '', '', 'pr', ''),
(168, 12, 'AWDDAWJIOawDWA', 'DAWIADJO', 'pr', 'dwAJIO'),
(169, 12, 'AWDDAWJIOawDWA', 'DAWIADJO', 'pr', 'dwAJIO'),
(170, 12, 'AWDDAWJIOawDWA', 'DAWIADJO', 'pr', 'dwAJIO'),
(171, 12, 'AWDDAWJIOawDWA', 'DAWIADJO', 'pr', 'dwAJIO'),
(172, 12, 'AWDDAWJIOawDWA', 'DAWIADJO', 'pr', 'dwAJIO'),
(173, 12, 'AWDDAWJIOawDWA', 'DAWIADJO', 'pr', 'dwAJIO'),
(174, 12, 'AWDDAWJIOawDWA', 'DAWIADJO', 'pr', 'dwAJIO'),
(175, 12, 'AWDDAWJIOawDWA', 'DAWIADJO', 'pr', 'dwAJIO'),
(176, 0, '', '', '', ''),
(177, 0, '', '', '', ''),
(178, 0, '', '', '', ''),
(179, 0, '', '', '', ''),
(180, 3, 'hgghhg', 'jjkhhj', 'pr', 'K1T2N4'),
(181, 1, 'asfs', 'afsdfaon', 'pr', 'K1T2N4'),
(182, 1, 'asfs', 'afsdfaon', 'pr', 'K1T2N4'),
(183, 3, 'asdfsaf', 'asdfadf', 'pr', 'K1V9G6'),
(184, 2, '', '', 'pr', ''),
(185, 2, '', '', 'pr', ''),
(186, 2, '', '', 'pr', ''),
(187, 4, '', '', 'pr', ''),
(188, 2, '', '', 'pr', ''),
(189, 4, '', '', 'pr', ''),
(190, 2, '', '', 'pr', ''),
(191, 4, '', '', 'pr', ''),
(192, 2, '', '', 'pr', ''),
(193, 4, '', '', 'pr', ''),
(194, 2, '', '', 'pr', ''),
(195, 4, '', 'asdfsfasf', 'pr', 'K1T2N4'),
(196, 2, 'asdfas', 'casdf', 'pr', 'K1T2N4'),
(197, 4, '', 'asdfsfasf', 'pr', ''),
(198, 2, 'asdfas', 'casdf', 'pr', ''),
(199, 4, '', 'asdfsfasf', 'pr', ''),
(200, 2, 'asdfas', 'casdf', 'pr', ''),
(201, 4, '', 'asdfsfasf', 'pr', ''),
(202, 2, 'asdfas', 'casdf', 'pr', ''),
(203, 4, '', 'asdfsfasf', 'pr', ''),
(204, 2, 'asdfas', 'casdf', 'pr', ''),
(205, 4, '', 'asdfsfasf', 'pr', ''),
(206, 2, 'asdfas', 'casdf', 'pr', 'K1T2N4'),
(207, 4, '', 'asdfsfasf', 'pr', ''),
(208, 2, 'asdfas', 'casdf', 'pr', ''),
(209, 4, '', 'asdfsfasf', 'pr', ''),
(210, 2, 'asdfas', 'casdf', 'pr', ''),
(211, 4, '', 'asdfsfasf', 'pr', ''),
(212, 2, 'asdfas', 'casdf', 'pr', ''),
(213, 4, '', 'asdfsfasf', 'pr', ''),
(214, 2, 'asdfas', 'casdf', 'pr', 'asdf'),
(215, 4, '', 'asdfsfasf', 'pr', ''),
(216, 2, 'asdfas', 'casdf', 'pr', ''),
(217, 4, '', 'asdfsfasf', 'pr', ''),
(218, 2, 'asdfas', 'casdf', 'pr', ''),
(219, 2, 'asdfas', 'casdf', 'pr', ''),
(220, 2, 'asdfas', 'casdf', 'pr', ''),
(221, 2, 'asdfas', 'casdf', 'pr', ''),
(222, 2, 'asdfas', 'casdf', 'pr', ''),
(223, 2, 'asdfas', 'casdf', 'pr', ''),
(224, 2, 'asdfas', 'casdf', 'pr', ''),
(225, 2, 'asdfas', 'casdf', 'pr', 'X'),
(226, 2, 'asdfas', 'casdf', 'pr', ''),
(227, 2, 'asdfas', 'casdf', 'pr', ''),
(228, 2, 'asdfas', 'casdf', 'pr', ''),
(229, 2, 'asdfas', 'casdf', 'pr', ''),
(230, 2, 'asdfas', 'casdf', 'pr', ''),
(231, 2, 'asdfas', 'casdf', 'pr', ''),
(232, 0, '', '', 'pr', ''),
(233, 0, '', '', 'pr', ''),
(234, 0, '', '', 'pr', ''),
(235, 2, 'asdfas', 'casdf', 'pr', ''),
(236, 2, 'asdfas', 'casdf', 'pr', ''),
(237, 2, 'asdfas', 'casdf', 'pr', ''),
(238, 2, 'asdfas', 'casdf', 'pr', ''),
(239, 2, 'asdfas', 'casdf', 'pr', ''),
(240, 2, 'asdfas', 'casdf', 'pr', ''),
(241, 2, 'asdfas', 'casdf', 'pr', ''),
(242, 2, 'asdfas', 'casdf', 'pr', ''),
(243, 2, 'asdfas', 'casdf', 'pr', ''),
(244, 2, 'asdfas', 'casdf', 'pr', ''),
(245, 2, 'asdfas', 'casdf', 'pr', ''),
(246, 2, 'asdfas', 'casdf', 'pr', ''),
(247, 2, 'asdfas', 'casdf', 'pr', ''),
(248, 2, 'asdfas', 'casdf', 'pr', ''),
(249, 2, 'asdfas', 'casdf', 'pr', ''),
(250, 2, 'asdfas', 'casdf', 'pr', ''),
(251, 2, 'asdfas', 'casdf', 'pr', ''),
(252, 2, 'asdfas', 'casdf', 'pr', ''),
(253, 2, 'asdfas', 'casdf', 'pr', ''),
(254, 2, 'asdfas', 'casdf', 'pr', ''),
(255, 0, '', '', '', ''),
(256, 0, '', '', '', ''),
(257, 0, '', '', '', ''),
(258, 0, '', '', '', ''),
(259, 0, '', '', 'pr', ''),
(260, 0, '', '', 'pr', ''),
(261, 0, '', '', 'pr', ''),
(262, 0, '', '', 'pr', ''),
(263, 0, '', '', 'pr', ''),
(264, 0, '', '', 'pr', ''),
(265, 0, '', '', 'pr', ''),
(266, 0, '', '', 'pr', ''),
(267, 0, '', '', 'pr', ''),
(268, 0, '', '', 'pr', ''),
(269, 0, '', '', 'pr', ''),
(270, 0, '', '', 'pr', ''),
(271, 0, '', '', 'pr', ''),
(272, 0, '', '', 'pr', ''),
(273, 0, '', '', 'pr', ''),
(274, 0, '', '', 'pr', ''),
(275, 0, '', '', 'pr', ''),
(276, 0, '', '', 'pr', ''),
(277, 0, '', '', 'pr', ''),
(278, 0, '', '', 'pr', ''),
(279, 0, '', '', 'pr', ''),
(280, 0, '', '', 'pr', ''),
(281, 0, '', '', 'pr', ''),
(282, 0, '', '', 'pr', ''),
(283, 0, '', '', 'pr', ''),
(284, 0, '', '', 'pr', ''),
(285, 0, '', '', 'pr', ''),
(286, 0, '', '', '', ''),
(287, 0, '', '', '', ''),
(288, 0, '', '', '', ''),
(289, 0, '', '', '', ''),
(290, 0, '', '', '', ''),
(291, 0, '', '', '', ''),
(292, 0, '', '', '', ''),
(293, 0, '', '', '', ''),
(294, 0, '', '', '', ''),
(295, 0, '', '', '', ''),
(296, 0, '', '', '', ''),
(297, 0, '', '', '', ''),
(298, 0, '', '', '', ''),
(299, 0, '', '', '', ''),
(300, 0, '', '', '', ''),
(301, 0, '', '', '', ''),
(302, 0, '', '', '', ''),
(303, 0, '', '', '', ''),
(304, 0, '', '', '', ''),
(305, 0, '', '', '', ''),
(306, 0, '', '', '', ''),
(307, 0, '', '', '', ''),
(308, 0, '', '', '', ''),
(309, 0, '', '', '', ''),
(310, 2760, 'Carousel Crescent', 'Ottawa', 'pr', 'K1T2N4'),
(311, 2760, 'Carousel Crescent', 'Ottawa', 'pr', 'K1T2N4'),
(312, 2760, 'Carousel Crescent', 'Ottawa', 'pr', 'K1V9G6'),
(313, 2760, 'Carousel Crescent', 'Ottawa', 'pr', 'K1V9G6'),
(314, 2760, 'Carousel Crescent', 'Ottawa', 'pr', ''),
(315, 2760, 'Carousel Crescent', 'Ottawao', 'pr', ''),
(316, 2760, 'Carousel Crescent', 'Ottawaoooo', 'pr', ''),
(317, 2760, 'Carousel Crescent', 'Ottawaoooo', 'pr', ''),
(318, 2760, 'Carousel Crescent', 'Ottawaaaaa', 'pr', ''),
(319, 2760, 'Carousel Crescent', 'Ottawaaaaa', 'pr', ''),
(320, 0, '', '', '', ''),
(321, 2760, 'Carousel Crescent', 'toronto', 'pr', 'K1T2N4'),
(322, 2760, 'Carousel Crescent', 'toronto', 'pr', ''),
(323, 2760, 'Carousel Crescent', 'toronto', 'pr', 'K1V9G6'),
(324, 0, '', '', '', ''),
(325, 0, '', '', '', ''),
(326, 2760, 'Carousel Crescent', 'toronto', 'pr', 'K1V9G6'),
(327, 0, '', '', '', ''),
(328, 2760, 'Carousel Crescent', 'toronto', 'pr', 'K1V9G6'),
(329, 2760, 'Carousel Crescent', 'toronto', 'pr', 'K1V9G6');

-- --------------------------------------------------------

--
-- Table structure for table `users_avatar`
--

CREATE TABLE `users_avatar` (
  `student_ID` int(10) NOT NULL,
  `avatar` char(1) DEFAULT NULL
) ENGINE=InnoDB DEFAULT CHARSET=utf8mb4 COLLATE=utf8mb4_general_ci;

--
-- Dumping data for table `users_avatar`
--

INSERT INTO `users_avatar` (`student_ID`, `avatar`) VALUES
(11, '0'),
(12, '0'),
(13, 'i'),
(14, 'i'),
(15, 'i'),
(16, '0'),
(17, '0'),
(18, 'i'),
(19, '0'),
(20, '0'),
(21, '0'),
(22, '0'),
(23, '0'),
(24, '0'),
(25, '0'),
(26, '0'),
(27, '0'),
(28, '0'),
(29, '0'),
(30, '0'),
(31, '0'),
(32, '0'),
(33, '0'),
(34, '0'),
(35, '0'),
(36, '0'),
(37, '0'),
(38, '0'),
(39, '0'),
(40, '0'),
(41, '0'),
(42, '0'),
(43, '0'),
(44, '0'),
(45, '0'),
(46, '0'),
(47, '0'),
(48, '0'),
(49, '0'),
(50, '0'),
(51, '0'),
(52, '0'),
(53, '0'),
(54, '0'),
(55, '0'),
(56, '0'),
(57, '0'),
(58, '0'),
(59, '0'),
(60, '0'),
(61, '0'),
(62, '0'),
(63, '0'),
(64, '0'),
(65, '0'),
(66, '0'),
(67, '0'),
(68, '0'),
(69, '0'),
(70, '0'),
(71, '0'),
(72, '0'),
(73, '0'),
(74, '0'),
(75, '0'),
(76, '0'),
(77, '0'),
(78, '0'),
(79, '0'),
(80, '0'),
(81, '0'),
(82, '0'),
(83, '0'),
(84, '0'),
(85, '0'),
(86, '0'),
(87, '0'),
(88, '0'),
(89, '0'),
(90, '0'),
(91, '0'),
(92, '0'),
(93, '0'),
(94, '0'),
(95, '0'),
(96, '0'),
(97, '0'),
(98, '0'),
(99, '0'),
(100, '0'),
(101, '0'),
(102, '0'),
(103, '0'),
(104, ''),
(105, ''),
(106, ''),
(107, ''),
(108, ''),
(109, ''),
(110, ''),
(111, ''),
(112, ''),
(113, ''),
(114, ''),
(115, ''),
(116, ''),
(117, ''),
(118, ''),
(119, ''),
(120, ''),
(121, ''),
(122, ''),
(123, ''),
(124, ''),
(125, ''),
(126, ''),
(127, ''),
(128, ''),
(129, 'i'),
(130, 'i'),
(131, ''),
(132, ''),
(133, ''),
(134, ''),
(135, ''),
(136, ''),
(137, ''),
(138, 'i'),
(139, ''),
(140, 'i'),
(141, ''),
(142, ''),
(143, 'i'),
(144, ''),
(145, ''),
(146, ''),
(147, ''),
(148, ''),
(149, ''),
(150, ''),
(151, ''),
(152, ''),
(153, ''),
(154, ''),
(155, ''),
(156, ''),
(157, ''),
(158, ''),
(159, ''),
(160, ''),
(161, ''),
(162, ''),
(163, ''),
(164, ''),
(165, ''),
(166, ''),
(167, ''),
(168, 'i'),
(169, 'i'),
(170, 'i'),
(171, ''),
(172, ''),
(173, ''),
(174, ''),
(175, ''),
(176, '0'),
(177, '0'),
(178, '0'),
(179, '0'),
(180, 'i'),
(181, 'i'),
(182, 'i'),
(183, 'i'),
(184, 'i'),
(185, ''),
(186, ''),
(187, ''),
(188, ''),
(189, ''),
(190, ''),
(191, ''),
(192, ''),
(193, ''),
(194, ''),
(195, 'i'),
(196, 'i'),
(197, ''),
(198, ''),
(199, ''),
(200, ''),
(201, ''),
(202, ''),
(203, ''),
(204, ''),
(205, ''),
(206, ''),
(207, ''),
(208, ''),
(209, ''),
(210, ''),
(211, ''),
(212, ''),
(213, ''),
(214, ''),
(215, ''),
(216, ''),
(217, ''),
(218, 'i'),
(219, 'i'),
(220, 'i'),
(221, ''),
(222, 'i'),
(223, ''),
(224, ''),
(225, 'i'),
(226, 'i'),
(227, ''),
(228, ''),
(229, ''),
(230, ''),
(231, ''),
(232, ''),
(233, ''),
(234, ''),
(235, ''),
(236, 'i'),
(237, 'i'),
(238, 'i'),
(239, 'i'),
(240, ''),
(241, 'i'),
(242, ''),
(243, ''),
(244, ''),
(245, ''),
(246, ''),
(247, ''),
(248, ''),
(249, ''),
(250, ''),
(251, ''),
(252, ''),
(253, 'i'),
(254, 'i'),
(255, '0'),
(256, '0'),
(257, '0'),
(258, '0'),
(259, ''),
(260, ''),
(261, ''),
(262, ''),
(263, ''),
(264, ''),
(265, ''),
(266, ''),
(267, ''),
(268, ''),
(269, ''),
(270, ''),
(271, ''),
(272, ''),
(273, ''),
(274, ''),
(275, ''),
(276, ''),
(277, ''),
(278, ''),
(279, ''),
(280, ''),
(281, ''),
(282, ''),
(283, ''),
(284, ''),
(285, ''),
(286, '0'),
(287, '0'),
(288, '0'),
(289, '0'),
(290, '0'),
(291, '0'),
(292, '0'),
(293, '0'),
(294, '0'),
(295, '0'),
(296, '0'),
(297, '0'),
(298, '0'),
(299, '0'),
(300, '0'),
(301, '0'),
(302, '0'),
(303, '0'),
(304, '0'),
(305, '0'),
(306, '0'),
(307, '0'),
(308, '0'),
(309, '0'),
(310, 'i'),
(311, 'i'),
(312, 'i'),
(313, 'i'),
(314, 'i'),
(315, 'i'),
(316, 'i'),
(317, 'i'),
(318, 'i'),
(319, ''),
(320, '0'),
(321, 'i'),
(322, 'i'),
(323, ''),
(324, '0'),
(325, '0'),
(326, 'i'),
(327, '0'),
(328, ''),
(329, '');

-- --------------------------------------------------------

--
-- Table structure for table `users_info`
--

CREATE TABLE `users_info` (
  `student_ID` int(10) NOT NULL,
  `student_email` varchar(15) NOT NULL,
  `first_name` varchar(150) DEFAULT NULL,
  `last_name` varchar(150) DEFAULT NULL,
  `DOB` date NOT NULL
) ENGINE=InnoDB DEFAULT CHARSET=utf8mb4 COLLATE=utf8mb4_general_ci;

--
-- Dumping data for table `users_info`
--

INSERT INTO `users_info` (`student_ID`, `student_email`, `first_name`, `last_name`, `DOB`) VALUES
(11, 'asserhesham01@g', 'Asser', 'Ibrahim', '2023-03-08'),
(12, 'ththt@tjtj.com', 'Alio', 'hasan', '2023-03-16'),
(13, 'asserhesham01@g', 'Asser', 'Ibrahim', '2023-03-08'),
(14, 'sharif@gmail.co', 'ali', 'hassan', '2023-03-31'),
(15, 'dxwde@swxxd.com', 'kjghk', 'dfhs', '2023-03-30'),
(16, 'asserhesham01@g', 'Asser', 'Sharrif', '2023-03-22'),
(17, 'asserhesham01@g', 'Asser', 'Ibrahim', '2023-03-08'),
(18, 'Asser@Ibrahim.c', 'Asser', 'Heshem The Great', '2023-02-28'),
(19, 'asserhesham01@g', 'Asser', 'Ibrahim', '2023-02-27'),
(20, '', '', '', '0000-00-00'),
(21, '', '', '', '0000-00-00'),
(22, '', '', '', '0000-00-00'),
(23, '', '', '', '0000-00-00'),
(24, '', '', '', '0000-00-00'),
(25, '', '', '', '0000-00-00'),
(26, '', '', '', '0000-00-00'),
(27, 'asserhesham01@g', 'Asser', 'Ibrahim', '2023-03-03'),
(28, 'asserhesham01@g', 'Asser', 'Ibrahim', '2023-03-08'),
(29, '', '', '', '0000-00-00'),
(30, '', '', '', '0000-00-00'),
(31, '', '', '', '0000-00-00'),
(32, '', '', '', '0000-00-00'),
(33, '', '', '', '0000-00-00'),
(34, '', '', '', '0000-00-00'),
(35, '', '', '', '0000-00-00'),
(36, '', '', '', '0000-00-00'),
(37, '', '', '', '0000-00-00'),
(38, '', '', '', '0000-00-00'),
(39, '', 'Asser', '', '0000-00-00'),
(40, '', 'Asser', '', '0000-00-00'),
(41, '', 'komij', 'm kmk', '0000-00-00'),
(42, '', 'komij', 'm kmk', '0000-00-00'),
(43, '', 'komij', 'm kmk', '0000-00-00'),
(44, '', '', '', '0000-00-00'),
(45, '', '', '', '0000-00-00'),
(46, '', '', '', '0000-00-00'),
(47, '', '', '', '0000-00-00'),
(48, '', 'Asser', '', '0000-00-00'),
(49, '', 'Asser', '', '0000-00-00'),
(50, '', '', '', '0000-00-00'),
(51, 'Asser@Ibrahim.c', 'Asser', 'a', '2023-02-27'),
(52, 'Asser@Ibrahim.c', 'Asser', 'a', '2023-02-27'),
(53, '', '', '', '0000-00-00'),
(54, '', '', '', '0000-00-00'),
(55, '', 'Asser', '', '0000-00-00'),
(56, '', 'Asser', '', '0000-00-00'),
(57, '', '', '', '0000-00-00'),
(58, '', '', '', '0000-00-00'),
(59, '', '', '', '0000-00-00'),
(60, '', '', '', '0000-00-00'),
(61, '', '', '', '0000-00-00'),
(62, '', '', '', '0000-00-00'),
(63, '', 'Asser', '', '0000-00-00'),
(64, '', 'Asser', '', '0000-00-00'),
(65, '', '', '', '0000-00-00'),
(66, '', '', '', '0000-00-00'),
(67, '', '', '', '0000-00-00'),
(68, '', 'Asser', '', '0000-00-00'),
(69, '', 'Asser', '', '0000-00-00'),
(70, '', '', '', '0000-00-00'),
(71, '', '', '', '0000-00-00'),
(72, '', '', '', '0000-00-00'),
(73, '', 'Asser', '', '0000-00-00'),
(74, '', 'Asser', '', '0000-00-00'),
(75, '', '', '', '0000-00-00'),
(76, '', '', '', '0000-00-00'),
(77, '', '', '', '0000-00-00'),
(78, 'asserhesham01@g', 'Asser', 'Ibrahim', '2023-03-03'),
(79, '', '', '', '0000-00-00'),
(80, '', '', '', '0000-00-00'),
(81, '', 'awddaws', '', '0000-00-00'),
(82, '', 'awddaws', '', '0000-00-00'),
(83, '', 'awddaws', '', '0000-00-00'),
(84, '', 'ADwda', '', '0000-00-00'),
(85, '', 'ADwda', '', '0000-00-00'),
(86, '', 'ADwda', '', '0000-00-00'),
(87, '', 'ADWDWDW', '', '0000-00-00'),
(88, '', 'WADDW', '', '0000-00-00'),
(89, '', '', '', '0000-00-00'),
(90, '', '', '', '0000-00-00'),
(91, '', 'ADDW', '', '0000-00-00'),
(92, '', 'WADADW', '', '0000-00-00'),
(93, '', 'AWDDWA', '', '0000-00-00'),
(94, '', '', '', '0000-00-00'),
(95, 'AWDD@ADWA', 'ADWDW', 'AWADW', '2023-03-02'),
(96, 'AWDD@ADWA', 'ADWDW', 'AWADW', '2023-03-02'),
(97, 'asserhesham01@g', 'Asser', 'Ibrahim', '2023-03-01'),
(98, '', '', '', '0000-00-00'),
(99, '', '', '', '0000-00-00'),
(100, '', '', '', '0000-00-00'),
(101, '', '', '', '0000-00-00'),
(102, '', 'Asser', '', '0000-00-00'),
(103, '', '', '', '0000-00-00'),
(104, '', 'ASSER', '', '0000-00-00'),
(105, '', 'ASSER HESHEM', '', '0000-00-00'),
(106, '', 'ASSER', '', '0000-00-00'),
(107, '', 'ASSER HESHEM', '', '0000-00-00'),
(108, '', 'ASSER', '', '0000-00-00'),
(109, '', 'ASSER HESHEM', '', '0000-00-00'),
(110, '', 'ASSER', '', '0000-00-00'),
(111, '', 'ASSER HESHEM', '', '0000-00-00'),
(112, '', 'ASSER', '', '0000-00-00'),
(113, '', 'ASSER HESHEM', '', '0000-00-00'),
(114, '', 'ASSER', '', '0000-00-00'),
(115, '', 'ASSER HESHEM', '', '0000-00-00'),
(116, '', 'ASSER', '', '0000-00-00'),
(117, '', 'ASSER HESHEM', '', '0000-00-00'),
(118, '', 'ASSER', '', '0000-00-00'),
(119, '', 'ASSER HESHEM', '', '0000-00-00'),
(120, '', 'ASSER', '', '0000-00-00'),
(121, '', 'ASSER HESHEM', '', '0000-00-00'),
(122, '', 'ASSER', '', '0000-00-00'),
(123, '', 'ASSER', '', '0000-00-00'),
(124, 'asserhesham01@g', 'Ali', 'Sharif', '0000-00-00'),
(125, 'asserhesham01@g', 'Ali', 'Sharif', '0000-00-00'),
(126, 'asserhesham01@g', 'Ali', 'Sharif', '0000-00-00'),
(127, 'asserhesham01@g', 'Ali', 'Sharif', '0000-00-00'),
(128, 'asserhesham01@g', 'Asser', 'Hesham', '2023-03-08'),
(129, 'alisharif@cmail', 'Ali', 'Sharif', '2023-03-07'),
(130, '', 'Asser', 'Sharif', '2023-03-07'),
(131, '', 'Ali', 'Sharif', '2023-03-07'),
(132, '', 'Asser', 'Sharif', '2023-03-07'),
(133, '', 'Ali', 'Sharif', '2023-03-07'),
(134, '', 'Asser', 'Sharif', '2023-03-07'),
(135, '', 'Ali', 'Sharif', '2023-03-07'),
(136, '', 'Asser', 'Sharif', '2023-03-07'),
(137, '', 'Ali', 'Sharif', '2023-03-07'),
(138, '', 'Asser', 'Sharif', '2023-03-07'),
(139, '', 'Ali', 'Sharif', '2023-03-07'),
(140, '', 'Ali', 'Sharif', '2023-03-07'),
(141, '', 'Ali', 'Sharif', '2023-03-07'),
(142, '', 'Ali', 'Sharif', '2023-03-07'),
(143, 'asserhesham01@g', 'Asser', 'Sharif', '2023-03-07'),
(144, '', 'Ali', 'Sharif', '2023-03-07'),
(145, '', 'Asser', 'Sharif', '2023-03-07'),
(146, '', 'Ali', 'Sharif', '2023-03-07'),
(147, '', 'Asser', 'Sharif', '2023-03-07'),
(148, '', 'Ali', 'Sharif', '2023-03-07'),
(149, '', 'Asser', 'Sharif', '2023-03-07'),
(150, '', 'Ali', 'Sharif', '2023-03-07'),
(151, '', 'Asser', 'Sharif', '2023-03-07'),
(152, '', 'Ali', 'Sharif', '2023-03-07'),
(153, '', 'Ali', 'Sharif', '2023-03-07'),
(154, '', 'Asser', 'Sharif', '2023-03-07'),
(155, '', 'Asser', 'Sharif', '2023-03-07'),
(156, '', 'Asser', 'Sharif', '2023-03-07'),
(157, '', 'Asser', 'Sharif', '2023-03-07'),
(158, '', 'Asser', 'Sharif', '2023-03-07'),
(159, '', 'Asser', 'Sharif', '2023-03-07'),
(160, '', 'Asser', 'Sharif', '2023-03-07'),
(161, '', 'Asser', 'Sharif', '2023-03-07'),
(162, 'Asser@Ibrahim.c', 'Asserafdadfafd', 'knjlankjbafvfkjl', '2023-04-06'),
(163, 'Asser@Ibrahim.c', 'Asserafdadfafd', 'knjlankjbafvfkjl', '2023-04-06'),
(164, '', 'Asserafdadfafd', 'knjlankjbafvfkjl', '2023-04-06'),
(165, '', 'Asserafdadfafd', 'knjlankjbafvfkjl', '2023-04-06'),
(166, 'alisharif@cmail', 'Ali ', 'Sharif', '2001-04-19'),
(167, 'alisharif@cmail', 'Ali ', 'Sharif', '2001-04-19'),
(168, 'AWD@AWD.AWD', 'AEFJIAWJP', 'wQOIWAD', '2001-04-19'),
(169, 'AWD@AWD.AWD', 'AEFJIAWJP', 'wQOIWAD', '2001-04-19'),
(170, 'AWD@AWD.AWD', 'AEFJIAWJP', 'wQOIWAD', '2001-04-19'),
(171, '', 'WADPMOADWWDDWIK', 'wQOIWAD', '2001-04-19'),
(172, '', 'AEFJIAWJP', 'wQOIWAD', '2001-04-19'),
(173, '', 'WADPMOADWWDDWIK', 'wQOIWAD', '2001-04-19'),
(174, '', 'WADPMOADWWDDWIK', 'wQOIWAD', '2001-04-19'),
(175, '', 'WADPMOADWWDDWIK', 'wQOIWAD', '2001-04-19'),
(176, 'sadfas2@ASDF', 'Asser', 'asfs', '2023-03-06'),
(177, 'ASDFA@SADF.COM', 'ASFASDFAS', 'AFSDFASFSA', '2023-03-14'),
(178, 'ASF@ASFD.COM', 'ASFASDFAS', 'ASDFSF', '2023-03-14'),
(179, 'asserhesham01@g', 'AsserIbr', 'Ibrahim', '2023-03-17'),
(180, 'sadfas2@ASDF', 'Asser', 'asfs', '2023-03-06'),
(181, 'asserhesham01@g', 'AsserIbr', 'Ibrahim', '2023-03-17'),
(182, 'asserhesham01@g', 'AsserIbr', 'Ibrahim', '2023-03-17'),
(183, 'asserhesham01@g', 'AsserIbr', 'Ibrahim', '2023-03-17'),
(184, 'asserhesham01@g', 'AsserIbr', 'Ibrahim', '2023-03-17'),
(185, 'asserhesham01@g', 'AsserIbr', 'Ibrahim', '2023-03-17'),
(186, 'asserhesham01@g', 'AsserIbr', 'Ibrahim', '2023-03-17'),
(187, 'asserhesham01@g', 'AsserIbr', 'Ibrahim', '2023-03-17'),
(188, 'asserhesham01@g', 'AsserIbr', 'Ibrahim', '2023-03-17'),
(189, 'asserhesham01@g', 'AsserIbr', 'Ibrahim', '2023-03-17'),
(190, 'asserhesham01@g', 'AsserIbr', 'Ibrahim', '2023-03-17'),
(191, 'asserhesham01@g', 'AsserIbr', 'Ibrahim', '2023-03-17'),
(192, 'asserhesham01@g', 'AsserIbr', 'Ibrahim', '2023-03-17'),
(193, 'asserhesham01@g', 'AsserIbr', 'Ibrahim', '2023-03-17'),
(194, 'asserhesham01@g', 'AsserIbr', 'Ibrahim', '2023-03-17'),
(195, 'asserhesham01@g', 'AsserIbr', 'Ibrahim', '2023-03-17'),
(196, 'asserhesham01@g', 'AsserIbr', 'Ibrahim', '2023-03-17'),
(197, 'asserhesham01@g', 'AsserIbr', 'Ibrahim', '2023-03-17'),
(198, 'asserhesham01@g', 'AsserIbr', 'Ibrahim', '2023-03-17'),
(199, 'asserhesham01@g', 'AsserIbr', 'Ibrahim', '2023-03-17'),
(200, 'asserhesham01@g', 'AsserIbr', 'Ibrahim', '2023-03-17'),
(201, 'asserhesham01@g', 'AsserIbr', 'Ibrahim', '2023-03-17'),
(202, 'asserhesham01@g', 'AsserIbr', 'Ibrahim', '2023-03-17'),
(203, 'asserhesham01@g', 'AsserIbr', 'Ibrahim', '2023-03-17'),
(204, 'asserhesham01@g', 'AsserIbr', 'Ibrahim', '2023-03-17'),
(205, 'asserhesham01@g', 'AsserIbr', 'Ibrahim', '2023-03-17'),
(206, 'asserhesham01@g', 'AsserIbr', 'Ibrahim', '2023-03-17'),
(207, 'asserhesham01@g', 'AsserIbr', 'Ibrahim', '2023-03-17'),
(208, 'asserhesham01@g', 'AsserIbr', 'Ibrahim', '2023-03-17'),
(209, 'asserhesham01@g', 'AsserIbr', 'Ibrahim', '2023-03-17'),
(210, 'asserhesham01@g', 'AsserIbr', 'Ibrahim', '2023-03-17'),
(211, 'asserhesham01@g', 'AsserIbr', 'Ibrahim', '2023-03-17'),
(212, 'asserhesham01@g', 'AsserIbr', 'Ibrahim', '2023-03-17'),
(213, 'asserhesham01@g', 'AsserIbr', 'Ibrahim', '2023-03-17'),
(214, 'asserhesham01@g', 'AsserIbr', 'Ibrahim', '2023-03-17'),
(215, 'asserhesham01@g', 'AsserIbr', 'Ibrahim', '2023-03-17'),
(216, 'asserhesham01@g', 'AsserIbr', 'Ibrahim', '2023-03-17'),
(217, 'asserhesham01@g', 'AsserIbr', 'Ibrahim', '2023-03-17'),
(218, 'asserhesham01@g', 'AsserIbr', 'Ibrahim', '2023-03-17'),
(219, 'asserhesham01@g', 'AsserIbr', 'Ibrahim', '2023-03-17'),
(220, 'asserhesham01@g', 'AsserIbr', 'Ibrahim', '2023-03-17'),
(221, 'asserhesham01@g', 'AsserIbr', 'Ibrahim', '2023-03-17'),
(222, 'asserhesham01@g', 'AsserIbr', 'Ibrahim', '2023-03-17'),
(223, 'asserhesham01@g', 'AsserIbr', 'Ibrahim', '2023-03-17'),
(224, 'asserhesham01@g', 'AsserIbr', 'Ibrahim', '2023-03-17'),
(225, 'asserhesham01@g', 'AsserIbr', 'Ibrahim', '2023-03-17'),
(226, 'asserhesham01@g', 'AsserIbrAH', 'Ibrahim', '2023-03-17'),
(227, 'asserhesham01@g', 'AsserIbrAH', 'Ibrahim', '2023-03-17'),
(228, 'asserhesham01@g', 'AsserIbrAH', 'Ibrahim', '2023-03-17'),
(229, 'asserhesham01@g', 'AsserIbrAH', 'Ibrahim', '2023-03-17'),
(230, 'asserhesham01@g', 'AsserIbrAH', 'Ibrahim', '2023-03-17'),
(231, 'asserhesham01@g', 'AsserIbrAH', 'Ibrahim', '2023-03-17'),
(232, '', '', '', '0000-00-00'),
(233, '', '', '', '0000-00-00'),
(234, '', '', '', '0000-00-00'),
(235, 'asserhesham01@g', 'AsserIbrAH', 'Ibrahim', '2023-03-17'),
(236, 'asserhesham01@g', 'AsserIbrAH', 'Ibrahim', '2023-03-17'),
(237, 'asserhesham01@g', 'ALI', 'Ibrahim', '2023-03-17'),
(238, 'asserhesham01@g', 'ALI', 'Ibrahim', '2023-03-17'),
(239, 'asserhesham01@g', 'asser', 'Ibrahim', '2023-03-17'),
(240, 'asserhesham01@g', 'sharif', 'Ibrahim', '2023-03-17'),
(241, 'asserhesham01@g', 'Asser', 'Ibrahim', '2023-03-17'),
(242, 'asserhesham01@g', 'sharif', 'Ibrahim', '2023-03-17'),
(243, 'asserhesham01@g', 'Asser', 'Ibrahim', '2023-03-17'),
(244, 'asserhesham01@g', 'sharif', 'Ibrahim', '2023-03-17'),
(245, 'asserhesham01@g', 'Asser', 'Ibrahim', '2023-03-17'),
(246, 'asserhesham01@g', 'sharif', 'Ibrahim', '2023-03-17'),
(247, 'asserhesham01@g', 'Asser', 'Ibrahim', '2023-03-17'),
(248, 'asserhesham01@g', 'sharif', 'Ibrahim', '2023-03-17'),
(249, 'asserhesham01@g', 'Asser', 'Ibrahim', '2023-03-17'),
(250, 'asserhesham01@g', 'efhnrdemjemj', 'Ibrahim', '2023-03-17'),
(251, 'asserhesham01@g', 'IBRAHIM', 'Ibrahim', '2023-03-17'),
(252, 'asserhesham01@g', 'efhnrdemjemj', 'Ibrahim', '2023-03-17'),
(253, 'asserhesham01@g', 'SHARIIJDFIOV', 'KJNADFSASNKJASDNKJ', '2023-03-17'),
(254, 'asserhesham01@g', 'SHARIIJDFIOV', 'KJNADFSASNKJASDNKJ', '2023-03-17'),
(255, '', '', '', '0000-00-00'),
(256, '', '', '', '0000-00-00'),
(257, '', '', '', '0000-00-00'),
(258, '', 'ASSER', 'LOL', '0000-00-00'),
(259, '', '', '', '0000-00-00'),
(260, '', 'ALI', '', '0000-00-00'),
(261, '', 'Ali ', 'Sharif', '0000-00-00'),
(262, 'AWAWDAW@AWDADW', 'ALI ', 'SHARIF', '0000-00-00'),
(263, '', 'ALI', 'SHARIF', '0000-00-00'),
(264, '', 'ASSER', 'HESHEM THE GREAT', '0000-00-00'),
(265, '', 'AWDLDALW', 'AWDKWDAK', '0000-00-00'),
(266, '', 'AWKWKAD', 'ADWDWMDW<', '0000-00-00'),
(267, '', 'wqkiWDKM', 'AWDMKOWKM', '0000-00-00'),
(268, '', 'AWFLNAFWKLFNW', 'FAWNLJALWNKJ', '0000-00-00'),
(269, '', 'AWFLNAFWKLFNW', 'FAWNLJALWNKJ', '0000-00-00'),
(270, 'AWFKPADKW@AWDWD', 'WAPWDK', 'ADWKPDWPK', '0000-00-00'),
(271, 'AWFKPADKW@AWDWD', 'WAPWDK', 'ADWKPDWPK', '0000-00-00'),
(272, 'Asser@Asser', 'Asser', 'Ibrahim', '2023-03-14'),
(273, 'Asser@Asser', 'Asser', 'Ibrahim', '2023-03-14'),
(274, '', 'AWDDW', 'AWDDAW', '0000-00-00'),
(275, '', 'ALIII', 'ALIII', '0000-00-00'),
(276, '', 'ASSER', 'ASSER', '0000-00-00'),
(277, '', 'ALI ', 'ALI', '0000-00-00'),
(278, '', 'AWDDAW', 'ADWDW', '0000-00-00'),
(279, '', 'AWDDAW', 'ADWDW', '0000-00-00'),
(280, '', 'ASSSSER', 'ASSSER', '0000-00-00'),
(281, '', 'ASSSSER', 'ASSSER', '0000-00-00'),
(282, '', 'ASSER', 'ASSER', '0000-00-00'),
(283, '', 'ALI HASSAN', 'ALi hassan', '0000-00-00'),
(284, '', 'ALI HASSAN', 'ALi hassan', '0000-00-00'),
(285, '', 'ALI HASSAN', 'ALi hassan', '0000-00-00'),
(286, '', 'Ali', 'Sharif', '0000-00-00'),
(287, '', 'Ali', 'Sharif', '0000-00-00'),
(288, '', 'AWDAD', 'ADWAWD', '0000-00-00'),
(289, '', 'AWDAD', 'ADWAWD', '0000-00-00'),
(290, '', 'ALI', 'ALI', '0000-00-00'),
(291, '', 'ADWLA', 'ADWLDAW', '0000-00-00'),
(292, '', 'ADWLA', 'ADWLDAW', '0000-00-00'),
(293, '', 'ALI', 'ALI', '0000-00-00'),
(294, '', 'ALI', '', '0000-00-00'),
(295, '', '', '', '0000-00-00'),
(296, '', '', '', '0000-00-00'),
(297, '', 'ALI', '', '0000-00-00'),
(298, '', 'ALI', '', '0000-00-00'),
(299, '', 'ALi', 'SARIF', '0000-00-00'),
(300, '', '', '', '0000-00-00'),
(301, '', '', '', '0000-00-00'),
(302, '', 'DAWWD', 'ADAWD', '0000-00-00'),
(303, '', 'DAWWD', 'ADAWD', '0000-00-00'),
(304, '', 'ALI', 'AWADW', '0000-00-00'),
(305, '', 'ADW', '', '0000-00-00'),
(306, '', 'Ali', 'Sh', '0000-00-00'),
(307, 'asserhesham01@g', 'BUSINESS', 'MAN', '2023-03-07'),
(308, 'SHARIFALI1000@G', 'ALI', 'AMAZING', '2023-03-24'),
(309, 'asserhesham01@g', 'ASSER', 'IBRAHIM', '2001-02-22'),
(310, 'asserhesham01@g', 'ASSER', 'IBRAHIM', '2001-02-22'),
(311, 'asserhesham01@g', 'ASSER', 'IBRAHIM', '2001-02-22'),
(312, 'asserhesham01@g', 'ALI', 'HASSAN', '2001-02-22'),
(313, 'asserhesham01@g', 'ALI', 'HASSAN', '2001-02-22'),
(314, 'asserhesham01@g', 'ALI', 'HASSAN', '2001-02-22'),
(315, 'asserhesham01@g', 'ALIio', 'HASSAN', '2001-02-22'),
(316, 'asserhesham01@g', 'ALIioooo', 'HASSAN', '2001-02-22'),
(317, 'asserhesham01@g', 'asooor', 'HASSAN', '2001-02-22'),
(318, 'asserhesham01@g', 'asoooraaa', 'HASSAN', '2001-02-22'),
(319, 'asserhesham01@g', 'asoooraaa', 'hassaaaaaaaaaaaaaan', '2001-02-22'),
(320, 'asserhesham01@g', 'Asser', 'Ibrahim', '2001-02-22'),
(321, 'ali@gmail.com', 'ALI', 'Ibrahim', '2001-02-22'),
(322, 'ali@gmail.com', 'ALI', 'Ibrahim', '2001-02-22'),
(323, 'ali@gmail.com', 'ALI', 'Ibrahim', '2001-02-22'),
(324, 'asserhesham01@g', 'ALI', 'SHARIF', '0000-00-00'),
(325, 'AWDPM@CHAAH', 'ASSER', 'HEADWHU', '3211-12-21'),
(326, 'AWDPM@CHAAH', 'ASSER', 'HEADWHU', '3211-12-21'),
(327, '', '', '', '0000-00-00'),
(328, '', 'I am him', '', '0000-00-00'),
(329, '', 'I am him', '', '0000-00-00');

-- --------------------------------------------------------

--
-- Table structure for table `users_posts`
--

CREATE TABLE `users_posts` (
  `post_ID` int(10) NOT NULL,
  `student_ID` int(10) NOT NULL,
  `new_post` text DEFAULT NULL,
  `post_date` timestamp NOT NULL DEFAULT current_timestamp() ON UPDATE current_timestamp()
) ENGINE=InnoDB DEFAULT CHARSET=utf8mb4 COLLATE=utf8mb4_general_ci;

--
-- Dumping data for table `users_posts`
--

INSERT INTO `users_posts` (`post_ID`, `student_ID`, `new_post`, `post_date`) VALUES
(6, 17, ' text here', '0000-00-00 00:00:00'),
(7, 17, ' text herewddawdaw', '0000-00-00 00:00:00'),
(8, 18, ' text here213132', '0000-00-00 00:00:00'),
(9, 174, ' text here213132', '0000-00-00 00:00:00'),
(11, 174, ' text here', '0000-00-00 00:00:00'),
(12, 254, 'text here', '2023-03-24 11:43:19'),
(13, 254, 'text here', '2023-03-24 11:43:19'),
(14, 254, 'text here', '2023-03-24 11:43:36'),
(15, 254, 'text here', '2023-03-24 11:43:36'),
(16, 254, 'Ali is awesome frfr no caps just fraps ong', '2023-03-24 11:45:53'),
(17, 254, 'Ali is awesome frfr no caps just fraps ong', '2023-03-24 11:45:53'),
(18, 326, 'LOLOLOLOL DAMN DANIEL IM DIFFERENT', '2023-03-24 13:12:23'),
(19, 326, 'LOLOLOLOL DAMN DANIEL IM DIFFERENT', '2023-03-24 13:12:23'),
(20, 326, 'OOOOO', '2023-03-24 13:12:34'),
(21, 326, 'OOOOO', '2023-03-24 13:12:34'),
(22, 326, 'WADPIJAWWPIO', '2023-03-24 13:12:39'),
(23, 326, 'WADPIJAWWPIO', '2023-03-24 13:12:39'),
(24, 326, 'ADWPOWKDWWDK', '2023-03-24 13:12:46'),
(25, 326, 'ADWPOWKDWWDK', '2023-03-24 13:12:46'),
(26, 326, 'AWD:KLMDMWKL', '2023-03-24 13:12:50'),
(27, 326, 'AWD:KLMDMWKL', '2023-03-24 13:12:50'),
(28, 326, 'LOL', '2023-03-24 13:14:53'),
(29, 326, 'LOL', '2023-03-24 13:14:53'),
(30, 328, 'why two', '2023-03-24 13:15:58'),
(31, 328, 'why two', '2023-03-24 13:15:58'),
(32, 328, 'why two', '2023-03-24 13:16:27'),
(33, 328, 'why two', '2023-03-24 13:16:27'),
(34, 329, 'text here', '2023-03-24 13:16:41'),
(35, 329, 'text here', '2023-03-24 13:16:41'),
(36, 329, 'CMON MAN', '2023-03-24 13:17:03'),
(37, 329, 'CMON MAN', '2023-03-24 13:17:03'),
(38, 329, 'RIGHT ASSER? AHAAHAHHHAHA', '2023-03-24 13:21:13');

-- --------------------------------------------------------

--
-- Table structure for table `users_program`
--

CREATE TABLE `users_program` (
  `student_ID` int(11) NOT NULL,
  `program` varchar(50) NOT NULL
) ENGINE=InnoDB DEFAULT CHARSET=utf8mb4 COLLATE=utf8mb4_general_ci;

--
-- Dumping data for table `users_program`
--

INSERT INTO `users_program` (`student_ID`, `program`) VALUES
(11, 'computer'),
(12, 'compsc'),
(13, 'ENV|GINEER'),
(14, 'compsch'),
(15, 'cr4rc'),
(16, '5347'),
(17, 'Comp'),
(18, 'COMP ENG '),
(19, 'asdf'),
(20, ''),
(21, ''),
(22, ''),
(23, ''),
(24, ''),
(25, ''),
(26, ''),
(27, 'compsc'),
(28, 'Comp'),
(29, ''),
(30, ''),
(31, ''),
(32, ''),
(33, ''),
(34, ''),
(35, ''),
(36, ''),
(37, ''),
(38, ''),
(39, ''),
(40, ''),
(41, ''),
(42, ''),
(43, ''),
(44, ''),
(45, ''),
(46, ''),
(47, ''),
(48, ''),
(49, ''),
(50, ''),
(51, 'as'),
(52, 'as'),
(53, ''),
(54, ''),
(55, ''),
(56, ''),
(57, ''),
(58, ''),
(59, ''),
(60, ''),
(61, ''),
(62, ''),
(63, ''),
(64, ''),
(65, ''),
(66, ''),
(67, ''),
(68, ''),
(69, ''),
(70, ''),
(71, ''),
(72, ''),
(73, ''),
(74, ''),
(75, ''),
(76, ''),
(77, ''),
(78, 'compsc'),
(79, ''),
(80, ''),
(81, ''),
(82, ''),
(83, ''),
(84, ''),
(85, ''),
(86, ''),
(87, ''),
(88, ''),
(89, ''),
(90, ''),
(91, ''),
(92, ''),
(93, ''),
(94, ''),
(95, 'AWDD'),
(96, 'AWDD'),
(97, 'WADWDA'),
(98, ''),
(99, ''),
(100, ''),
(101, ''),
(102, ''),
(103, ''),
(104, ''),
(105, ''),
(106, ''),
(107, ''),
(108, ''),
(109, ''),
(110, ''),
(111, ''),
(112, ''),
(113, ''),
(114, ''),
(115, ''),
(116, ''),
(117, ''),
(118, ''),
(119, ''),
(120, ''),
(121, ''),
(122, ''),
(123, ''),
(124, 'computer'),
(125, 'computer'),
(126, 'computer'),
(127, 'computer'),
(128, 'Science Engineer'),
(129, 'COMPPCPCPCCPCPCP'),
(130, ''),
(131, ''),
(132, ''),
(133, ''),
(134, ''),
(135, ''),
(136, ''),
(137, ''),
(138, ''),
(139, ''),
(140, ''),
(141, ''),
(142, ''),
(143, ''),
(144, ''),
(145, ''),
(146, ''),
(147, ''),
(148, ''),
(149, ''),
(150, ''),
(151, ''),
(152, ''),
(153, ''),
(154, ''),
(155, ''),
(156, ''),
(157, ''),
(158, ''),
(159, ''),
(160, ''),
(161, ''),
(162, 'sfadfsadfsda'),
(163, 'sfadfsadfsda'),
(164, ''),
(165, ''),
(166, 'Honours Computer Science, Minor in Philosophy, Co-'),
(167, 'Honours Computer Science, Minor in Philosophy, Co-'),
(168, 'AWD'),
(169, 'AWD'),
(170, 'AWD'),
(171, ''),
(172, ''),
(173, ''),
(174, ''),
(175, ''),
(176, 'ASF'),
(177, 'ASFAS'),
(178, 'ASFASF'),
(179, 'computer systems'),
(180, 'ASF'),
(181, 'computer systems'),
(182, 'computer systems'),
(183, 'computer systems'),
(184, 'computer systems'),
(185, 'computer systems'),
(186, 'computer systems'),
(187, 'computer systems'),
(188, 'computer systems'),
(189, 'computer systems'),
(190, 'computer systems'),
(191, 'computer systems'),
(192, 'computer systems'),
(193, 'computer systems'),
(194, 'computer systems'),
(195, 'computer systems'),
(196, 'computer systems'),
(197, 'computer systems'),
(198, 'computer systems'),
(199, 'computer systems'),
(200, 'computer systems'),
(201, 'computer systems'),
(202, 'computer systems'),
(203, 'computer systems'),
(204, 'computer systems'),
(205, 'computer systems'),
(206, 'computer systems'),
(207, 'computer systems'),
(208, 'computer systems'),
(209, 'computer systems'),
(210, 'computer systems'),
(211, 'computer systems'),
(212, 'computer systems'),
(213, 'computer systems'),
(214, 'computer systems'),
(215, 'computer systems'),
(216, 'computer systems'),
(217, 'computer systems'),
(218, 'computer systems'),
(219, 'computer systems'),
(220, 'computer systems'),
(221, 'computer systems'),
(222, 'computer systems'),
(223, 'computer systems'),
(224, 'computer systems'),
(225, 'computer systems'),
(226, 'computer systems'),
(227, 'computer systems'),
(228, 'computer systems'),
(229, 'computer systems'),
(230, 'computer systems'),
(231, 'computer systems'),
(232, ''),
(233, ''),
(234, ''),
(235, 'computer systems'),
(236, 'computer systems'),
(237, 'computer systems'),
(238, 'computer systems'),
(239, 'computer systems'),
(240, 'computer systems'),
(241, 'computer systems'),
(242, 'computer systems'),
(243, 'computer systems'),
(244, 'computer systems'),
(245, 'computer systems'),
(246, 'computer systems'),
(247, 'computer systems'),
(248, 'computer systems'),
(249, 'computer systems'),
(250, 'computer systems'),
(251, 'computer systems'),
(252, 'computer systems'),
(253, 'computer systems'),
(254, 'computer systems'),
(255, ''),
(256, ''),
(257, ''),
(258, ''),
(259, ''),
(260, ''),
(261, ''),
(262, 'CARLETON UNIVERSITY'),
(263, ''),
(264, ''),
(265, ''),
(266, ''),
(267, ''),
(268, ''),
(269, ''),
(270, 'WDAKPDAWKP'),
(271, 'WDAKPDAWKP'),
(272, 'Comp'),
(273, 'Comp'),
(274, ''),
(275, ''),
(276, ''),
(277, ''),
(278, ''),
(279, ''),
(280, ''),
(281, ''),
(282, ''),
(283, ''),
(284, ''),
(285, ''),
(286, ''),
(287, ''),
(288, ''),
(289, ''),
(290, ''),
(291, ''),
(292, ''),
(293, ''),
(294, ''),
(295, ''),
(296, ''),
(297, ''),
(298, ''),
(299, ''),
(300, ''),
(301, ''),
(302, ''),
(303, ''),
(304, ''),
(305, ''),
(306, ''),
(307, 'amazing'),
(308, 'comp'),
(309, 'computer systems egnineering'),
(310, 'computer systems egnineering'),
(311, 'computer systems egnineering'),
(312, 'computer systems egnineering'),
(313, 'computer systems egnineering'),
(314, 'computer systems egnineering'),
(315, 'computer systems egnineering'),
(316, 'computer systems egnineering'),
(317, 'computer systems egnineering'),
(318, 'computer systems egnineering'),
(319, 'computer systems egnineering'),
(320, 'COMPUTER ENGINEERING'),
(321, 'computer'),
(322, 'computer'),
(323, 'computer'),
(324, 'DAMN'),
(325, 'AWDAW'),
(326, 'AWDAW'),
(327, ''),
(328, ''),
(329, '');

--
-- Indexes for dumped tables
--

--
-- Indexes for table `users_address`
--
ALTER TABLE `users_address`
  ADD PRIMARY KEY (`student_ID`);

--
-- Indexes for table `users_avatar`
--
ALTER TABLE `users_avatar`
  ADD PRIMARY KEY (`student_ID`);

--
-- Indexes for table `users_info`
--
ALTER TABLE `users_info`
  ADD PRIMARY KEY (`student_ID`);

--
-- Indexes for table `users_posts`
--
ALTER TABLE `users_posts`
  ADD PRIMARY KEY (`post_ID`),
  ADD KEY `student_ID` (`student_ID`);

--
-- Indexes for table `users_program`
--
ALTER TABLE `users_program`
  ADD PRIMARY KEY (`student_ID`);

--
-- AUTO_INCREMENT for dumped tables
--

--
-- AUTO_INCREMENT for table `users_info`
--
ALTER TABLE `users_info`
  MODIFY `student_ID` int(10) NOT NULL AUTO_INCREMENT, AUTO_INCREMENT=330;

--
-- AUTO_INCREMENT for table `users_posts`
--
ALTER TABLE `users_posts`
  MODIFY `post_ID` int(10) NOT NULL AUTO_INCREMENT, AUTO_INCREMENT=39;

--
-- Constraints for dumped tables
--

--
-- Constraints for table `users_address`
--
ALTER TABLE `users_address`
  ADD CONSTRAINT `users_address_ibfk_1` FOREIGN KEY (`student_ID`) REFERENCES `users_info` (`student_ID`);

--
-- Constraints for table `users_avatar`
--
ALTER TABLE `users_avatar`
  ADD CONSTRAINT `users_avatar_ibfk_1` FOREIGN KEY (`student_ID`) REFERENCES `users_info` (`student_ID`);

--
-- Constraints for table `users_posts`
--
ALTER TABLE `users_posts`
  ADD CONSTRAINT `users_posts_ibfk_1` FOREIGN KEY (`student_ID`) REFERENCES `users_info` (`student_ID`);

--
-- Constraints for table `users_program`
--
ALTER TABLE `users_program`
  ADD CONSTRAINT `users_program_ibfk_1` FOREIGN KEY (`student_ID`) REFERENCES `users_info` (`student_ID`);
COMMIT;

/*!40101 SET CHARACTER_SET_CLIENT=@OLD_CHARACTER_SET_CLIENT */;
/*!40101 SET CHARACTER_SET_RESULTS=@OLD_CHARACTER_SET_RESULTS */;
/*!40101 SET COLLATION_CONNECTION=@OLD_COLLATION_CONNECTION */;
